Model,mIoU,Pixel Accuracy,FPS,Final Val Loss
U-Net,0.20922446250915527,0.8576762390136718,93.99400758799814,0.34538368046283724
FPN,0.1934557557106018,0.8520623779296875,102.40325010315269,0.35623897314071656
PSPNet,0.21253201365470886,0.8457742309570313,305.4356912949127,0.329896565079689
DeepLabV3+,0.1927260309457779,0.85045654296875,87.17701221096388,0.36379761159420015
Linknet,0.08281628787517548,0.5966847229003907,79.34650760679978,0.5063967001438141
